Delta,Time,CPU_FREQUENCY_0,CPU_FREQUENCY_1,CPU_FREQUENCY_2,CPU_FREQUENCY_3,CPU_FREQUENCY_4,CPU_FREQUENCY_5,CPU_FREQUENCY_6,CPU_FREQUENCY_7,CPU_TEMP_0,CPU_TEMP_1,CPU_TEMP_2,CPU_TEMP_3,CPU_TEMP_4,CPU_TEMP_5,CPU_TEMP_6,CPU_TEMP_7,CPU_TEMP_8,CPU_TEMP_9,CPU_USAGE_0,CPU_USAGE_1,CPU_USAGE_2,CPU_USAGE_3,CPU_USAGE_4,CPU_USAGE_5,CPU_USAGE_6,CPU_USAGE_7,SYSTEM_POWER (Watts),TOTAL_MEMORY,TOTAL_SWAP,USED_MEMORY,USED_SWAP
0,1760560928397,3228,3228,3228,3228,3228,3228,3228,3228,55.080501556396484,54.583248138427734,53.74885559082031,55.03832244873047,55.10004425048828,53.59572219848633,55.048736572265625,51.449180603027344,52.444644927978516,53.36647033691406,50,0,50,0,0,0,0,0,2.7593863010406494,17179869184,4294967296,4381556736,2484404224
201,1760560928397,3228,3228,3228,3228,3228,3228,3228,3228,55.080501556396484,54.583248138427734,53.74885559082031,55.03832244873047,55.10004425048828,53.59572219848633,55.048736572265625,51.449180603027344,52.444644927978516,53.36647033691406,0,0,0,100,0,0,0,0,2.7593863010406494,17179869184,4294967296,4378755072,2484404224
204,1760560928599,3228,3228,3228,3228,3228,3228,3228,3228,55.080501556396484,54.583248138427734,53.74885559082031,55.03832244873047,55.10004425048828,53.59572219848633,55.048736572265625,51.449180603027344,52.444644927978516,53.36647033691406,0,5,90,4.761904716491699,9.523809432983398,9.523809432983398,0,0,2.7593863010406494,17179869184,4294967296,4962533376,2484404224
203,1760560928804,3228,3228,3228,3228,3228,3228,3228,3228,55.080501556396484,54.583248138427734,53.74885559082031,55.03832244873047,55.10004425048828,53.59572219848633,55.048736572265625,51.449180603027344,52.444644927978516,53.36647033691406,0,0,0,100,0,0,0,0,3.2622132301330566,17179869184,4294967296,5640765440,2484404224
204,1760560929008,3228,3228,3228,3228,3228,3228,3228,3228,55.080501556396484,54.583248138427734,53.74885559082031,55.03832244873047,55.10004425048828,53.59572219848633,55.048736572265625,51.449180603027344,52.444644927978516,53.36647033691406,5,0,75,25,0,9.523809432983398,0,0,3.2622132301330566,17179869184,4294967296,6260211712,2484404224
204,1760560929213,3228,3228,3228,3228,3228,3228,3228,3228,57.71640396118164,55.23946762084961,56.428794860839844,60.7055549621582,59.62358093261719,56.397438049316406,56.58460998535156,53.41775131225586,52.880496978759766,54.38593292236328,9.090909004211426,4.761904716491699,54.54545593261719,47.619049072265625,0,0,0,0,3.2622132301330566,17179869184,4294967296,6927515648,2484404224
204,1760560929418,3228,3228,3228,3228,3228,3228,3228,3228,57.71640396118164,55.23946762084961,56.428794860839844,60.7055549621582,59.62358093261719,56.397438049316406,56.58460998535156,53.41775131225586,52.880496978759766,54.38593292236328,0,4.761904716491699,0,100,0,0,0,0,3.2622132301330566,17179869184,4294967296,6927515648,2484404224
202,1760560929623,3228,3228,3228,3228,3228,3228,3228,3228,57.71640396118164,55.23946762084961,56.428794860839844,60.7055549621582,59.62358093261719,56.397438049316406,56.58460998535156,53.41775131225586,52.880496978759766,54.38593292236328,5,5,25,60.000003814697266,27.272727966308594,10.526315689086914,9.090909004211426,0,5.004428386688232,17179869184,4294967296,6927515648,2484404224
204,1760560929825,3228,3228,3228,3228,3228,3228,3228,3228,57.71640396118164,55.23946762084961,56.428794860839844,60.7055549621582,59.62358093261719,56.397438049316406,56.58460998535156,53.41775131225586,52.880496978759766,54.38593292236328,0,5,66.66667175292969,25,15.789472579956055,19.047618865966797,0,0,5.004428386688232,17179869184,4294967296,6927515648,2484404224
202,1760560930030,3228,3228,3228,3228,3228,3228,3228,3228,57.71640396118164,55.23946762084961,56.428794860839844,60.7055549621582,59.62358093261719,56.397438049316406,56.58460998535156,53.41775131225586,52.880496978759766,54.38593292236328,0,5,55,14.285715103149414,19.047618865966797,20,0,0,5.004428386688232,17179869184,4294967296,9517809664,2484404224
204,1760560930232,3228,3228,3228,3228,3228,3228,3228,3228,59.98386764526367,56.400753021240234,57.417205810546875,61.00363540649414,63.34632873535156,60.41492462158203,58.07672119140625,54.277099609375,54.03583908081055,55.88739013671875,9.523809432983398,4.761904716491699,65,5,25,9.523809432983398,0,0,5.004428386688232,17179869184,4294967296,10155442176,2484404224
204,1760560930437,3228,3228,3228,3228,3228,3228,3228,3228,59.98386764526367,56.400753021240234,57.417205810546875,61.00363540649414,63.34632873535156,60.41492462158203,58.07672119140625,54.277099609375,54.03583908081055,55.88739013671875,0,5,68.42105102539063,15.000000953674316,14.285715103149414,0,0,0,5.004428386688232,17179869184,4294967296,10155442176,2484404224
204,1760560930642,3228,3228,3228,3228,3228,3228,3228,3228,59.98386764526367,56.400753021240234,57.417205810546875,61.00363540649414,63.34632873535156,60.41492462158203,58.07672119140625,54.277099609375,54.03583908081055,55.88739013671875,0,0,52.38095474243164,40,5,9.523809432983398,0,0,12.006221771240234,17179869184,4294967296,10155442176,2484404224
201,1760560930847,3228,3228,3228,3228,3228,3228,3228,3228,59.98386764526367,56.400753021240234,57.417205810546875,61.00363540649414,63.34632873535156,60.41492462158203,58.07672119140625,54.277099609375,54.03583908081055,55.88739013671875,4.761904716491699,9.523809432983398,71.42857360839844,25,0,0,0,0,12.006221771240234,17179869184,4294967296,10155442176,2484404224
204,1760560931049,3228,3228,3228,3228,3228,3228,3228,3228,59.98386764526367,56.400753021240234,57.417205810546875,61.00363540649414,63.34632873535156,60.41492462158203,58.07672119140625,54.277099609375,54.03583908081055,55.88739013671875,10,5,5.263157844543457,81.81818389892578,10,4.761904716491699,0,0,12.006221771240234,17179869184,4294967296,10502848512,2484404224
204,1760560931254,3228,3228,3228,3228,3228,3228,3228,3228,59.550479888916016,56.323699951171875,58.27069091796875,63.22618865966797,62.451202392578125,59.27161407470703,57.64640426635742,54.77217102050781,54.056968688964844,55.474449157714844,4.761904716491699,0,22.72727394104004,85,0,0,0,0,12.006221771240234,17179869184,4294967296,10501390336,2484404224
204,1760560931459,3228,3228,3228,3228,3228,3228,3228,3228,59.550479888916016,56.323699951171875,58.27069091796875,63.22618865966797,62.451202392578125,59.27161407470703,57.64640426635742,54.77217102050781,54.056968688964844,55.474449157714844,0,0,0,95,0,4.761904716491699,0,0,12.006221771240234,17179869184,4294967296,10500915200,2484404224
203,1760560931664,3228,3228,3228,3228,3228,3228,3228,3228,59.550479888916016,56.323699951171875,58.27069091796875,63.22618865966797,62.451202392578125,59.27161407470703,57.64640426635742,54.77217102050781,54.056968688964844,55.474449157714844,9.523809432983398,9.090909004211426,15.000000953674316,28.571430206298828,47.36842346191406,5,0,0,11.904901504516602,17179869184,4294967296,10500915200,2484404224
204,1760560931867,3228,3228,3228,3228,3228,3228,3228,3228,59.550479888916016,56.323699951171875,58.27069091796875,63.22618865966797,62.451202392578125,59.27161407470703,57.64640426635742,54.77217102050781,54.056968688964844,55.474449157714844,0,0,75,0,31.81818199157715,0,0,0,11.904901504516602,17179869184,4294967296,10500915200,2484404224
204,1760560932072,3228,3228,3228,3228,3228,3228,3228,3228,59.550479888916016,56.323699951171875,58.27069091796875,63.22618865966797,62.451202392578125,59.27161407470703,57.64640426635742,54.77217102050781,54.056968688964844,55.474449157714844,0,0,61.904762268066406,35,0,0,0,0,11.904901504516602,17179869184,4294967296,10489872384,2484404224
204,1760560932278,3228,3228,3228,3228,3228,3228,3228,3228,59.946014404296875,56.05412673950195,57.366172790527344,61.113922119140625,64.4853744506836,61.301578521728516,57.04452896118164,54.161563873291016,54.15420150756836,56.170143127441406,4.761904716491699,4.761904716491699,80,19.047618865966797,0,0,0,0,11.904901504516602,17179869184,4294967296,10489806848,2484404224
204,1760560932483,3228,3228,3228,3228,3228,3228,3228,3228,59.946014404296875,56.05412673950195,57.366172790527344,61.113922119140625,64.4853744506836,61.301578521728516,57.04452896118164,54.161563873291016,54.15420150756836,56.170143127441406,0,5,75,28.571430206298828,0,0,0,0,11.904901504516602,17179869184,4294967296,10489577472,2484404224
204,1760560932688,3228,3228,3228,3228,3228,3228,3228,3228,59.946014404296875,56.05412673950195,57.366172790527344,61.113922119140625,64.4853744506836,61.301578521728516,57.04452896118164,54.161563873291016,54.15420150756836,56.170143127441406,4.761904716491699,0,40.90909194946289,55,9.523809432983398,0,0,0,9.668715476989746,17179869184,4294967296,10489331712,2484404224
204,1760560932893,3228,3228,3228,3228,3228,3228,3228,3228,59.946014404296875,56.05412673950195,57.366172790527344,61.113922119140625,64.4853744506836,61.301578521728516,57.04452896118164,54.161563873291016,54.15420150756836,56.170143127441406,4.761904716491699,4.761904716491699,20,4.761904716491699,80,0,0,0,9.668715476989746,17179869184,4294967296,10489217024,2484404224
204,1760560933098,3228,3228,3228,3228,3228,3228,3228,3228,59.946014404296875,56.05412673950195,57.366172790527344,61.113922119140625,64.4853744506836,61.301578521728516,57.04452896118164,54.161563873291016,54.15420150756836,56.170143127441406,0,0,28.571430206298828,5.263157844543457,52.38095474243164,10,0,0,9.668715476989746,17179869184,4294967296,10481565696,2484404224
204,1760560933303,3228,3228,3228,3228,3228,3228,3228,3228,59.310340881347656,56.30246353149414,58.36168670654297,63.13889694213867,61.451622009277344,61.453914642333984,57.158607482910156,54.69351577758789,54.42162322998047,56.55652618408203,0,4.761904716491699,94.73684692382813,13.636363983154297,0,0,0,0,9.668715476989746,17179869184,4294967296,10481401856,2484404224
204,1760560933508,3228,3228,3228,3228,3228,3228,3228,3228,59.310340881347656,56.30246353149414,58.36168670654297,63.13889694213867,61.451622009277344,61.453914642333984,57.158607482910156,54.69351577758789,54.42162322998047,56.55652618408203,4.761904716491699,0,95.23809814453125,0,0,5,0,0,9.668715476989746,17179869184,4294967296,10481336320,2484404224
204,1760560933713,3228,3228,3228,3228,3228,3228,3228,3228,59.310340881347656,56.30246353149414,58.36168670654297,63.13889694213867,61.451622009277344,61.453914642333984,57.158607482910156,54.69351577758789,54.42162322998047,56.55652618408203,5,5,28.571430206298828,70,0,0,0,0,9.504972457885742,17179869184,4294967296,10480893952,2484404224
200,1760560933918,3228,3228,3228,3228,3228,3228,3228,3228,59.310340881347656,56.30246353149414,58.36168670654297,63.13889694213867,61.451622009277344,61.453914642333984,57.158607482910156,54.69351577758789,54.42162322998047,56.55652618408203,9.523809432983398,9.090909004211426,0,100,0,0,0,0,9.504972457885742,17179869184,4294967296,10480893952,2484404224
204,1760560934118,3228,3228,3228,3228,3228,3228,3228,3228,59.310340881347656,56.30246353149414,58.36168670654297,63.13889694213867,61.451622009277344,61.453914642333984,57.158607482910156,54.69351577758789,54.42162322998047,56.55652618408203,5,0,52.38095474243164,47.619049072265625,0,10,0,0,9.504972457885742,17179869184,4294967296,10432364544,2484404224
204,1760560934323,3228,3228,3228,3228,3228,3228,3228,3228,59.977108001708984,56.293785095214844,58.53961181640625,63.4443244934082,62.653419494628906,59.1318244934082,57.23373794555664,54.77732849121094,53.99467468261719,55.821632385253906,4.761904716491699,5,0,0,100,0,0,0,9.504972457885742,17179869184,4294967296,10432217088,2484404224
204,1760560934528,3228,3228,3228,3228,3228,3228,3228,3228,59.977108001708984,56.293785095214844,58.53961181640625,63.4443244934082,62.653419494628906,59.1318244934082,57.23373794555664,54.77732849121094,53.99467468261719,55.821632385253906,0,4.761904716491699,5,0,90.47618865966797,5,0,0,9.504972457885742,17179869184,4294967296,10432217088,2484404224
204,1760560934733,3228,3228,3228,3228,3228,3228,3228,3228,59.977108001708984,56.293785095214844,58.53961181640625,63.4443244934082,62.653419494628906,59.1318244934082,57.23373794555664,54.77732849121094,53.99467468261719,55.821632385253906,0,0,35,65,0,0,0,0,9.745515823364258,17179869184,4294967296,10432217088,2484404224
204,1760560934938,3228,3228,3228,3228,3228,3228,3228,3228,59.977108001708984,56.293785095214844,58.53961181640625,63.4443244934082,62.653419494628906,59.1318244934082,57.23373794555664,54.77732849121094,53.99467468261719,55.821632385253906,9.090909004211426,5,100,0,0,0,0,0,9.745515823364258,17179869184,4294967296,10432217088,2484404224
203,1760560935143,3228,3228,3228,3228,3228,3228,3228,3228,59.977108001708984,56.293785095214844,58.53961181640625,63.4443244934082,62.653419494628906,59.1318244934082,57.23373794555664,54.77732849121094,53.99467468261719,55.821632385253906,0,0,31.81818199157715,5,65,0,0,0,9.745515823364258,17179869184,4294967296,10429874176,2484404224
204,1760560935346,3228,3228,3228,3228,3228,3228,3228,3228,59.509639739990234,56.72244644165039,57.87311553955078,61.55311584472656,61.49602508544922,64.1978988647461,56.868553161621094,54.33482360839844,54.93474197387695,57.30418395996094,5.263157844543457,10,75,0,25,0,0,0,9.745515823364258,17179869184,4294967296,10429136896,2484404224
152,1760560935551,3228,3228,3228,3228,3228,3228,3228,3228,59.509639739990234,56.72244644165039,57.87311553955078,61.55311584472656,61.49602508544922,64.1978988647461,56.868553161621094,54.33482360839844,54.93474197387695,57.30418395996094,14.285715103149414,15.000000953674316,20,0,76.19047546386719,0,0,0,9.745515823364258,17179869184,4294967296,10427990016,2484404224
204,1760560935704,3228,3228,3228,3228,3228,3228,3228,3228,59.509639739990234,56.72244644165039,57.87311553955078,61.55311584472656,61.49602508544922,64.1978988647461,56.868553161621094,54.33482360839844,54.93474197387695,57.30418395996094,38.095237731933594,35,76.19047546386719,31.81818199157715,5,4.761904716491699,0,0,9.927132606506348,17179869184,4294967296,10397335552,2467627008
204,1760560935909,3228,3228,3228,3228,3228,3228,3228,3228,59.509639739990234,56.72244644165039,57.87311553955078,61.55311584472656,61.49602508544922,64.1978988647461,56.868553161621094,54.33482360839844,54.93474197387695,57.30418395996094,100,95.23809814453125,55,57.894737243652344,50,63.15789031982422,10,9.523809432983398,9.927132606506348,17179869184,3221225472,10362896384,2200043520
204,1760560936114,3228,3228,3228,3228,3228,3228,3228,3228,59.841163635253906,57.48344802856445,58.7899169921875,63.84679412841797,61.483482360839844,63.229103088378906,59.51215362548828,56.34153366088867,55.58346176147461,57.34053039550781,60.000003814697266,60.000003814697266,55,25,57.142860412597656,27.272727966308594,0,0,9.927132606506348,17179869184,3221225472,10354098176,2200043520
204,1760560936319,3228,3228,3228,3228,3228,3228,3228,3228,59.841163635253906,57.48344802856445,58.7899169921875,63.84679412841797,61.483482360839844,63.229103088378906,59.51215362548828,56.34153366088867,55.58346176147461,57.34053039550781,4.761904716491699,9.090909004211426,71.42857360839844,25,0,0,0,0,9.927132606506348,17179869184,3221225472,10352869376,2200043520
204,1760560936524,3228,3228,3228,3228,3228,3228,3228,3228,59.841163635253906,57.48344802856445,58.7899169921875,63.84679412841797,61.483482360839844,63.229103088378906,59.51215362548828,56.34153366088867,55.58346176147461,57.34053039550781,0,0,25,71.42857360839844,0,0,0,0,9.927132606506348,17179869184,3221225472,10351771648,2200043520
202,1760560936729,3228,3228,3228,3228,3228,3228,3228,3228,59.841163635253906,57.48344802856445,58.7899169921875,63.84679412841797,61.483482360839844,63.229103088378906,59.51215362548828,56.34153366088867,55.58346176147461,57.34053039550781,0,4.761904716491699,45,57.142860412597656,0,0,0,0,9.563787460327148,17179869184,3221225472,10350493696,2200043520
204,1760560936932,3228,3228,3228,3228,3228,3228,3228,3228,59.841163635253906,57.48344802856445,58.7899169921875,63.84679412841797,61.483482360839844,63.229103088378906,59.51215362548828,56.34153366088867,55.58346176147461,57.34053039550781,9.523809432983398,0,95.23809814453125,5,0,5,0,0,9.563787460327148,17179869184,3221225472,10341990400,2200043520
204,1760560937137,3228,3228,3228,3228,3228,3228,3228,3228,60.36368179321289,56.723236083984375,58.97856140136719,64.23724365234375,62.727561950683594,59.25727844238281,57.561222076416016,55.32966613769531,54.7479248046875,56.20496368408203,0,0,19.047618865966797,71.42857360839844,0,9.523809432983398,0,0,9.563787460327148,17179869184,3221225472,10341842944,2200043520
204,1760560937342,3228,3228,3228,3228,3228,3228,3228,3228,60.36368179321289,56.723236083984375,58.97856140136719,64.23724365234375,62.727561950683594,59.25727844238281,57.561222076416016,55.32966613769531,54.7479248046875,56.20496368408203,28.571430206298828,23.809524536132813,10,95,4.761904716491699,0,0,0,9.563787460327148,17179869184,3221225472,10320609280,2200043520
204,1760560937547,3228,3228,3228,3228,3228,3228,3228,3228,60.36368179321289,56.723236083984375,58.97856140136719,64.23724365234375,62.727561950683594,59.25727844238281,57.561222076416016,55.32966613769531,54.7479248046875,56.20496368408203,0,5,42.85714340209961,52.38095474243164,0,4.761904716491699,0,0,9.563787460327148,17179869184,3221225472,10320609280,2200043520
204,1760560937752,3228,3228,3228,3228,3228,3228,3228,3228,60.36368179321289,56.723236083984375,58.97856140136719,64.23724365234375,62.727561950683594,59.25727844238281,57.561222076416016,55.32966613769531,54.7479248046875,56.20496368408203,0,0,9.523809432983398,10,85,0,0,0,12.881800651550293,17179869184,3221225472,10320609280,2200043520
204,1760560937957,3228,3228,3228,3228,3228,3228,3228,3228,60.36368179321289,56.723236083984375,58.97856140136719,64.23724365234375,62.727561950683594,59.25727844238281,57.561222076416016,55.32966613769531,54.7479248046875,56.20496368408203,38.095237731933594,40,5.263157844543457,70,30.000001907348633,5,0,0,12.881800651550293,17179869184,3221225472,10320609280,2200043520
204,1760560938162,3228,3228,3228,3228,3228,3228,3228,3228,61.198699951171875,56.851036071777344,56.937950134277344,58.74088668823242,67.35646057128906,64.0507583618164,56.91605758666992,54.08146667480469,55.23061752319336,57.074180603027344,4.761904716491699,5,0,50,52.38095474243164,0,0,0,12.881800651550293,17179869184,3221225472,10325032960,2200043520
204,1760560938367,3228,3228,3228,3228,3228,3228,3228,3228,61.198699951171875,56.851036071777344,56.937950134277344,58.74088668823242,67.35646057128906,64.0507583618164,56.91605758666992,54.08146667480469,55.23061752319336,57.074180603027344,0,0,28.571430206298828,0,71.42857360839844,0,0,0,12.881800651550293,17179869184,3221225472,10324836352,2200043520
202,1760560938572,3228,3228,3228,3228,3228,3228,3228,3228,61.198699951171875,56.851036071777344,56.937950134277344,58.74088668823242,67.35646057128906,64.0507583618164,56.91605758666992,54.08146667480469,55.23061752319336,57.074180603027344,5.263157844543457,9.523809432983398,60.000003814697266,40.90909194946289,0,4.761904716491699,0,0,9.944089889526367,17179869184,3221225472,10324541440,2200043520
204,1760560938774,3228,3228,3228,3228,3228,3228,3228,3228,61.198699951171875,56.851036071777344,56.937950134277344,58.74088668823242,67.35646057128906,64.0507583618164,56.91605758666992,54.08146667480469,55.23061752319336,57.074180603027344,4.761904716491699,0,31.81818199157715,73.68421173095703,4.761904716491699,0,0,0,9.944089889526367,17179869184,3221225472,10324541440,2200043520
204,1760560938979,3228,3228,3228,3228,3228,3228,3228,3228,61.198699951171875,56.851036071777344,56.937950134277344,58.74088668823242,67.35646057128906,64.0507583618164,56.91605758666992,54.08146667480469,55.23061752319336,57.074180603027344,0,4.761904716491699,85,9.523809432983398,0,5,0,0,9.944089889526367,17179869184,3221225472,10324541440,2200043520
204,1760560939184,3228,3228,3228,3228,3228,3228,3228,3228,59.732154846191406,56.795982360839844,58.314666748046875,62.905277252197266,62.199302673339844,61.99648666381836,57.40299987792969,54.88948059082031,55.26248550415039,56.8721923828125,9.523809432983398,10.526315689086914,33.333335876464844,31.57894515991211,28.571430206298828,4.761904716491699,0,0,9.944089889526367,17179869184,3221225472,10302865408,2200043520
204,1760560939389,3228,3228,3228,3228,3228,3228,3228,3228,59.732154846191406,56.795982360839844,58.314666748046875,62.905277252197266,62.199302673339844,61.99648666381836,57.40299987792969,54.88948059082031,55.26248550415039,56.8721923828125,9.090909004211426,4.761904716491699,0,100,0,0,0,0,9.944089889526367,17179869184,3221225472,10302750720,2200043520
204,1760560939595,3228,3228,3228,3228,3228,3228,3228,3228,59.732154846191406,56.795982360839844,58.314666748046875,62.905277252197266,62.199302673339844,61.99648666381836,57.40299987792969,54.88948059082031,55.26248550415039,56.8721923828125,11.111111640930176,52.38095474243164,47.36842346191406,42.85714340209961,4.761904716491699,4.761904716491699,0,0,9.84166431427002,17179869184,3221225472,10301898752,2200043520
204,1760560939800,3228,3228,3228,3228,3228,3228,3228,3228,59.732154846191406,56.795982360839844,58.314666748046875,62.905277252197266,62.199302673339844,61.99648666381836,57.40299987792969,54.88948059082031,55.26248550415039,56.8721923828125,33.333335876464844,75,0,72.7272720336914,26.3157901763916,0,0,0,9.84166431427002,17179869184,3221225472,10299244544,2200043520
204,1760560940005,3228,3228,3228,3228,3228,3228,3228,3228,59.732154846191406,56.795982360839844,58.314666748046875,62.905277252197266,62.199302673339844,61.99648666381836,57.40299987792969,54.88948059082031,55.26248550415039,56.8721923828125,4.545454502105713,4.761904716491699,28.571430206298828,0,71.42857360839844,4.761904716491699,0,0,9.84166431427002,17179869184,3221225472,10298753024,2200043520
204,1760560940210,3228,3228,3228,3228,3228,3228,3228,3228,60.68681716918945,56.8475227355957,56.95912170410156,59.847591400146484,66.13631439208984,62.924381256103516,57.0215950012207,54.06639099121094,55.28749465942383,57.174278259277344,0,5,14.285715103149414,85,0,0,0,0,9.84166431427002,17179869184,3221225472,10298540032,2200043520
204,1760560940415,3228,3228,3228,3228,3228,3228,3228,3228,60.68681716918945,56.8475227355957,56.95912170410156,59.847591400146484,66.13631439208984,62.924381256103516,57.0215950012207,54.06639099121094,55.28749465942383,57.174278259277344,9.523809432983398,5,75,28.571430206298828,0,0,0,0,9.84166431427002,17179869184,3221225472,10298507264,2200043520
204,1760560940620,3228,3228,3228,3228,3228,3228,3228,3228,60.68681716918945,56.8475227355957,56.95912170410156,59.847591400146484,66.13631439208984,62.924381256103516,57.0215950012207,54.06639099121094,55.28749465942383,57.174278259277344,4.761904716491699,4.761904716491699,33.333335876464844,35,30.000001907348633,0,0,0,9.645699501037598,17179869184,3221225472,10298359808,2200043520
204,1760560940825,3228,3228,3228,3228,3228,3228,3228,3228,60.68681716918945,56.8475227355957,56.95912170410156,59.847591400146484,66.13631439208984,62.924381256103516,57.0215950012207,54.06639099121094,55.28749465942383,57.174278259277344,15.000000953674316,5.263157844543457,0,0,100,0,0,0,9.645699501037598,17179869184,3221225472,10289037312,2200043520
204,1760560941030,3228,3228,3228,3228,3228,3228,3228,3228,60.68681716918945,56.8475227355957,56.95912170410156,59.847591400146484,66.13631439208984,62.924381256103516,57.0215950012207,54.06639099121094,55.28749465942383,57.174278259277344,0,9.090909004211426,20,19.047618865966797,60.000003814697266,0,0,0,9.645699501037598,17179869184,3221225472,10287661056,2200043520
204,1760560941235,3228,3228,3228,3228,3228,3228,3228,3228,60.40338897705078,56.84465408325195,57.52410125732422,60.8507194519043,63.89215850830078,64.0796127319336,56.728302001953125,54.226009368896484,55.266170501708984,57.57568359375,9.523809432983398,0,85,14.285715103149414,0,0,0,0,9.645699501037598,17179869184,3221225472,10284384256,2200043520
200,1760560941440,3228,3228,3228,3228,3228,3228,3228,3228,60.40338897705078,56.84465408325195,57.52410125732422,60.8507194519043,63.89215850830078,64.0796127319336,56.728302001953125,54.226009368896484,55.266170501708984,57.57568359375,0,9.090909004211426,100,0,0,0,0,0,9.645699501037598,17179869184,3221225472,10284400640,2200043520
202,1760560941640,3228,3228,3228,3228,3228,3228,3228,3228,60.40338897705078,56.84465408325195,57.52410125732422,60.8507194519043,63.89215850830078,64.0796127319336,56.728302001953125,54.226009368896484,55.266170501708984,57.57568359375,0,0,61.904762268066406,31.57894515991211,5,0,0,0,9.710074424743652,17179869184,3221225472,10284302336,2200043520
203,1760560941842,3228,3228,3228,3228,3228,3228,3228,3228,60.40338897705078,56.84465408325195,57.52410125732422,60.8507194519043,63.89215850830078,64.0796127319336,56.728302001953125,54.226009368896484,55.266170501708984,57.57568359375,9.090909004211426,5,40,0,60.000003814697266,0,0,0,9.710074424743652,17179869184,3221225472,10283712512,2200043520
204,1760560942046,3228,3228,3228,3228,3228,3228,3228,3228,60.40338897705078,56.84465408325195,57.52410125732422,60.8507194519043,63.89215850830078,64.0796127319336,56.728302001953125,54.226009368896484,55.266170501708984,57.57568359375,0,0,5,4.761904716491699,85.71428680419922,0,0,0,9.710074424743652,17179869184,3221225472,10277289984,2200043520
204,1760560942251,3228,3228,3228,3228,3228,3228,3228,3228,59.34443664550781,56.721920013427734,59.24498748779297,64.84671020507813,60.09868621826172,61.57461166381836,57.089786529541016,55.259525299072266,54.97127914428711,56.99397277832031,0,0,70,21.052631378173828,10,0,0,0,9.710074424743652,17179869184,3221225472,10276618240,2200043520
204,1760560942456,3228,3228,3228,3228,3228,3228,3228,3228,59.34443664550781,56.721920013427734,59.24498748779297,64.84671020507813,60.09868621826172,61.57461166381836,57.089786529541016,55.259525299072266,54.97127914428711,56.99397277832031,5,9.090909004211426,0,95.65217590332031,4.761904716491699,0,0,0,9.710074424743652,17179869184,3221225472,10276487168,2200043520
204,1760560942661,3228,3228,3228,3228,3228,3228,3228,3228,59.34443664550781,56.721920013427734,59.24498748779297,64.84671020507813,60.09868621826172,61.57461166381836,57.089786529541016,55.259525299072266,54.97127914428711,56.99397277832031,0,0,94.73684692382813,5,0,0,0,0,9.6666841506958,17179869184,3221225472,10276077568,2200043520
204,1760560942866,3228,3228,3228,3228,3228,3228,3228,3228,59.34443664550781,56.721920013427734,59.24498748779297,64.84671020507813,60.09868621826172,61.57461166381836,57.089786529541016,55.259525299072266,54.97127914428711,56.99397277832031,9.090909004211426,0,52.38095474243164,47.619049072265625,0,0,0,0,9.6666841506958,17179869184,3221225472,10275815424,2200043520
204,1760560943071,3228,3228,3228,3228,3228,3228,3228,3228,59.34443664550781,56.721920013427734,59.24498748779297,64.84671020507813,60.09868621826172,61.57461166381836,57.089786529541016,55.259525299072266,54.97127914428711,56.99397277832031,0,5,85.71428680419922,10,0,5,0,0,9.6666841506958,17179869184,3221225472,10275733504,2200043520
204,1760560943276,3228,3228,3228,3228,3228,3228,3228,3228,59.94990158081055,56.662315368652344,59.36249542236328,64.93608093261719,62.8829345703125,59.27804946899414,57.231842041015625,55.0047492980957,54.75032043457031,56.23479461669922,9.523809432983398,4.761904716491699,28.571430206298828,75,0,0,0,0,9.6666841506958,17179869184,3221225472,10273832960,2200043520
204,1760560943481,3228,3228,3228,3228,3228,3228,3228,3228,59.94990158081055,56.662315368652344,59.36249542236328,64.93608093261719,62.8829345703125,59.27804946899414,57.231842041015625,55.0047492980957,54.75032043457031,56.23479461669922,0,0,85,4.761904716491699,5,5,0,0,9.6666841506958,17179869184,3221225472,10273816576,2200043520
204,1760560943686,3228,3228,3228,3228,3228,3228,3228,3228,59.94990158081055,56.662315368652344,59.36249542236328,64.93608093261719,62.8829345703125,59.27804946899414,57.231842041015625,55.0047492980957,54.75032043457031,56.23479461669922,0,5,61.904762268066406,0,45.45454788208008,0,0,0,9.50430965423584,17179869184,3221225472,10273554432,2200043520
204,1760560943891,3228,3228,3228,3228,3228,3228,3228,3228,59.94990158081055,56.662315368652344,59.36249542236328,64.93608093261719,62.8829345703125,59.27804946899414,57.231842041015625,55.0047492980957,54.75032043457031,56.23479461669922,5,4.761904716491699,19.047618865966797,80,0,0,0,0,9.50430965423584,17179869184,3221225472,10273767424,2200043520
204,1760560944096,3228,3228,3228,3228,3228,3228,3228,3228,59.94990158081055,56.662315368652344,59.36249542236328,64.93608093261719,62.8829345703125,59.27804946899414,57.231842041015625,55.0047492980957,54.75032043457031,56.23479461669922,4.761904716491699,5,25,31.81818199157715,42.85714340209961,4.761904716491699,0,0,9.50430965423584,17179869184,3221225472,10273767424,2200043520
202,1760560944301,3228,3228,3228,3228,3228,3228,3228,3228,60.21759033203125,56.77225112915039,58.43639373779297,62.988059997558594,63.42023468017578,61.580291748046875,57.31991958618164,54.69200134277344,55.177467346191406,56.65214538574219,0,0,0,95,0,0,0,0,9.50430965423584,17179869184,3221225472,10272489472,2200043520
204,1760560944504,3228,3228,3228,3228,3228,3228,3228,3228,60.21759033203125,56.77225112915039,58.43639373779297,62.988059997558594,63.42023468017578,61.580291748046875,57.31991958618164,54.69200134277344,55.177467346191406,56.65214538574219,4.761904716491699,0,5,76.19047546386719,20,0,0,0,9.50430965423584,17179869184,3221225472,10272456704,2200043520
204,1760560944709,3228,3228,3228,3228,3228,3228,3228,3228,60.21759033203125,56.77225112915039,58.43639373779297,62.988059997558594,63.42023468017578,61.580291748046875,57.31991958618164,54.69200134277344,55.177467346191406,56.65214538574219,0,9.090909004211426,9.090909004211426,21.052631378173828,70,0,0,0,9.5250244140625,17179869184,3221225472,10272292864,2200043520
204,1760560944914,3228,3228,3228,3228,3228,3228,3228,3228,60.21759033203125,56.77225112915039,58.43639373779297,62.988059997558594,63.42023468017578,61.580291748046875,57.31991958618164,54.69200134277344,55.177467346191406,56.65214538574219,4.761904716491699,0,0,0,100,0,0,0,9.5250244140625,17179869184,3221225472,10272096256,2200043520
204,1760560945119,3228,3228,3228,3228,3228,3228,3228,3228,61.02157211303711,56.70559310913086,56.62120056152344,58.298301696777344,66.9324722290039,65.86076354980469,56.59455490112305,53.56687545776367,55.77708435058594,58.01866912841797,4.761904716491699,5,30.000001907348633,63.6363639831543,4.761904716491699,4.545454502105713,0,0,9.5250244140625,17179869184,3221225472,10271948800,2200043520
204,1760560945324,3228,3228,3228,3228,3228,3228,3228,3228,61.02157211303711,56.70559310913086,56.62120056152344,58.298301696777344,66.9324722290039,65.86076354980469,56.59455490112305,53.56687545776367,55.77708435058594,58.01866912841797,9.523809432983398,9.523809432983398,0,100,0,0,0,0,9.5250244140625,17179869184,3221225472,10269212672,2200043520
204,1760560945529,3228,3228,3228,3228,3228,3228,3228,3228,61.02157211303711,56.70559310913086,56.62120056152344,58.298301696777344,66.9324722290039,65.86076354980469,56.59455490112305,53.56687545776367,55.77708435058594,58.01866912841797,0,0,76.19047546386719,15.000000953674316,9.523809432983398,0,0,0,9.5250244140625,17179869184,3221225472,10269032448,2200043520
200,1760560945734,3228,3228,3228,3228,3228,3228,3228,3228,61.02157211303711,56.70559310913086,56.62120056152344,58.298301696777344,66.9324722290039,65.86076354980469,56.59455490112305,53.56687545776367,55.77708435058594,58.01866912841797,9.523809432983398,9.523809432983398,15.000000953674316,61.904762268066406,20,0,0,0,9.504897117614746,17179869184,3221225472,10268803072,2200043520
204,1760560945935,3228,3228,3228,3228,3228,3228,3228,3228,61.02157211303711,56.70559310913086,56.62120056152344,58.298301696777344,66.9324722290039,65.86076354980469,56.59455490112305,53.56687545776367,55.77708435058594,58.01866912841797,0,5,0,0,100,0,0,0,9.504897117614746,17179869184,3221225472,10268622848,2200043520
204,1760560946140,3228,3228,3228,3228,3228,3228,3228,3228,60.79957580566406,56.8624267578125,57.49144744873047,60.78041458129883,65.0543441772461,63.9841423034668,56.82933807373047,54.363250732421875,55.60708236694336,57.37230682373047,4.761904716491699,5,38.095237731933594,42.105262756347656,19.047618865966797,0,0,0,9.504897117614746,17179869184,3221225472,10268590080,2200043520
204,1760560946345,3228,3228,3228,3228,3228,3228,3228,3228,60.79957580566406,56.8624267578125,57.49144744873047,60.78041458129883,65.0543441772461,63.9841423034668,56.82933807373047,54.363250732421875,55.60708236694336,57.37230682373047,0,0,4.761904716491699,100,0,0,0,0,9.504897117614746,17179869184,3221225472,10267213824,2200043520
204,1760560946550,3228,3228,3228,3228,3228,3228,3228,3228,60.79957580566406,56.8624267578125,57.49144744873047,60.78041458129883,65.0543441772461,63.9841423034668,56.82933807373047,54.363250732421875,55.60708236694336,57.37230682373047,0,4.761904716491699,20,63.6363639831543,10.526315689086914,0,0,0,9.504897117614746,17179869184,3221225472,10266279936,2200043520
204,1760560946755,3228,3228,3228,3228,3228,3228,3228,3228,60.79957580566406,56.8624267578125,57.49144744873047,60.78041458129883,65.0543441772461,63.9841423034668,56.82933807373047,54.363250732421875,55.60708236694336,57.37230682373047,0,0,9.523809432983398,95,0,0,0,0,9.538887977600098,17179869184,3221225472,10266083328,2200043520
204,1760560946960,3228,3228,3228,3228,3228,3228,3228,3228,60.79957580566406,56.8624267578125,57.49144744873047,60.78041458129883,65.0543441772461,63.9841423034668,56.82933807373047,54.363250732421875,55.60708236694336,57.37230682373047,4.761904716491699,0,0,80.95238494873047,19.047618865966797,0,0,0,9.538887977600098,17179869184,3221225472,10266050560,2200043520
204,1760560947165,3228,3228,3228,3228,3228,3228,3228,3228,61.700218200683594,56.69803237915039,56.89299774169922,59.46520233154297,68.90034484863281,62.625492095947266,56.49972915649414,53.83757019042969,55.28746795654297,56.57361602783203,4.761904716491699,9.090909004211426,42.85714340209961,57.894737243652344,0,0,0,0,9.538887977600098,17179869184,3221225472,10265886720,2200043520
204,1760560947370,3228,3228,3228,3228,3228,3228,3228,3228,61.700218200683594,56.69803237915039,56.89299774169922,59.46520233154297,68.90034484863281,62.625492095947266,56.49972915649414,53.83757019042969,55.28746795654297,56.57361602783203,0,5,0,100,0,0,0,0,9.538887977600098,17179869184,3221225472,10265690112,2200043520
203,1760560947575,3228,3228,3228,3228,3228,3228,3228,3228,61.700218200683594,56.69803237915039,56.89299774169922,59.46520233154297,68.90034484863281,62.625492095947266,56.49972915649414,53.83757019042969,55.28746795654297,56.57361602783203,9.523809432983398,4.761904716491699,38.095237731933594,57.142860412597656,5,0,0,0,9.676084518432617,17179869184,3221225472,10265247744,2200043520
200,1760560947779,3228,3228,3228,3228,3228,3228,3228,3228,61.700218200683594,56.69803237915039,56.89299774169922,59.46520233154297,68.90034484863281,62.625492095947266,56.49972915649414,53.83757019042969,55.28746795654297,56.57361602783203,0,0,100,0,0,0,0,0,9.676084518432617,17179869184,3221225472,10265051136,2200043520
204,1760560947979,3228,3228,3228,3228,3228,3228,3228,3228,61.700218200683594,56.69803237915039,56.89299774169922,59.46520233154297,68.90034484863281,62.625492095947266,56.49972915649414,53.83757019042969,55.28746795654297,56.57361602783203,4.761904716491699,0,95.23809814453125,14.285715103149414,0,0,0,0,9.676084518432617,17179869184,3221225472,10264772608,2200043520
202,1760560948184,3228,3228,3228,3228,3228,3228,3228,3228,60.25053787231445,56.871585845947266,58.53539276123047,64.12154388427734,63.72216796875,60.19037628173828,57.28710174560547,54.94423294067383,55.05290222167969,56.286170959472656,0,4.761904716491699,61.904762268066406,19.047618865966797,15.000000953674316,0,0,0,9.676084518432617,17179869184,3221225472,10264739840,2200043520
204,1760560948387,3228,3228,3228,3228,3228,3228,3228,3228,60.25053787231445,56.871585845947266,58.53539276123047,64.12154388427734,63.72216796875,60.19037628173828,57.28710174560547,54.94423294067383,55.05290222167969,56.286170959472656,4.761904716491699,5,100,0,0,0,0,0,9.676084518432617,17179869184,3221225472,10264625152,2200043520
204,1760560948592,3228,3228,3228,3228,3228,3228,3228,3228,60.25053787231445,56.871585845947266,58.53539276123047,64.12154388427734,63.72216796875,60.19037628173828,57.28710174560547,54.94423294067383,55.05290222167969,56.286170959472656,10,10,65,0,26.3157901763916,9.523809432983398,0,0,9.489640235900879,17179869184,3221225472,10263281664,2200043520
204,1760560948797,3228,3228,3228,3228,3228,3228,3228,3228,60.25053787231445,56.871585845947266,58.53539276123047,64.12154388427734,63.72216796875,60.19037628173828,57.28710174560547,54.94423294067383,55.05290222167969,56.286170959472656,0,4.761904716491699,0,25,77.2727279663086,0,0,0,9.489640235900879,17179869184,3221225472,10263232512,2200043520
204,1760560949002,3228,3228,3228,3228,3228,3228,3228,3228,60.25053787231445,56.871585845947266,58.53539276123047,64.12154388427734,63.72216796875,60.19037628173828,57.28710174560547,54.94423294067383,55.05290222167969,56.286170959472656,9.090909004211426,0,9.523809432983398,75,5,10,0,0,9.489640235900879,17179869184,3221225472,10263101440,2200043520
203,1760560949207,3228,3228,3228,3228,3228,3228,3228,3228,59.72481155395508,56.97978210449219,58.828956604003906,64.06434631347656,62.08629608154297,61.607975006103516,57.59531784057617,55.39888000488281,55.295162200927734,57.04981231689453,0,9.523809432983398,25,71.42857360839844,0,0,0,0,9.489640235900879,17179869184,3221225472,10262675456,2200043520
204,1760560949411,3228,3228,3228,3228,3228,3228,3228,3228,59.72481155395508,56.97978210449219,58.828956604003906,64.06434631347656,62.08629608154297,61.607975006103516,57.59531784057617,55.39888000488281,55.295162200927734,57.04981231689453,0,0,4.761904716491699,100,0,0,0,0,9.489640235900879,17179869184,3221225472,10262528000,2200043520
200,1760560949616,3228,3228,3228,3228,3228,3228,3228,3228,59.72481155395508,56.97978210449219,58.828956604003906,64.06434631347656,62.08629608154297,61.607975006103516,57.59531784057617,55.39888000488281,55.295162200927734,57.04981231689453,9.090909004211426,0,42.85714340209961,60.000003814697266,0,0,0,0,9.55093002319336,17179869184,3221225472,10262478848,2200043520
204,1760560949816,3228,3228,3228,3228,3228,3228,3228,3228,59.72481155395508,56.97978210449219,58.828956604003906,64.06434631347656,62.08629608154297,61.607975006103516,57.59531784057617,55.39888000488281,55.295162200927734,57.04981231689453,0,5,0,100,0,0,0,0,9.55093002319336,17179869184,3221225472,10262478848,2200043520
204,1760560950021,3228,3228,3228,3228,3228,3228,3228,3228,59.72481155395508,56.97978210449219,58.828956604003906,64.06434631347656,62.08629608154297,61.607975006103516,57.59531784057617,55.39888000488281,55.295162200927734,57.04981231689453,4.761904716491699,4.761904716491699,5,80.95238494873047,0,9.523809432983398,0,0,9.55093002319336,17179869184,3221225472,10262478848,2200043520
204,1760560950226,3228,3228,3228,3228,3228,3228,3228,3228,61.909584045410156,56.8120002746582,56.81349182128906,59.307064056396484,69.4783935546875,61.933349609375,56.85446548461914,54.20991516113281,55.00318145751953,56.90399169921875,0,0,20,80,0,0,0,0,9.55093002319336,17179869184,3221225472,10262478848,2200043520
204,1760560950431,3228,3228,3228,3228,3228,3228,3228,3228,61.909584045410156,56.8120002746582,56.81349182128906,59.307064056396484,69.4783935546875,61.933349609375,56.85446548461914,54.20991516113281,55.00318145751953,56.90399169921875,5,4.761904716491699,0,100,0,0,0,0,9.55093002319336,17179869184,3221225472,10262216704,2200043520
204,1760560950636,3228,3228,3228,3228,3228,3228,3228,3228,61.909584045410156,56.8120002746582,56.81349182128906,59.307064056396484,69.4783935546875,61.933349609375,56.85446548461914,54.20991516113281,55.00318145751953,56.90399169921875,4.761904716491699,0,90,9.523809432983398,4.761904716491699,0,0,0,9.51915168762207,17179869184,3221225472,10261626880,2200043520
204,1760560950841,3228,3228,3228,3228,3228,3228,3228,3228,61.909584045410156,56.8120002746582,56.81349182128906,59.307064056396484,69.4783935546875,61.933349609375,56.85446548461914,54.20991516113281,55.00318145751953,56.90399169921875,0,9.523809432983398,100,0,0,0,0,0,9.51915168762207,17179869184,3221225472,10261626880,2200043520
204,1760560951046,3228,3228,3228,3228,3228,3228,3228,3228,61.909584045410156,56.8120002746582,56.81349182128906,59.307064056396484,69.4783935546875,61.933349609375,56.85446548461914,54.20991516113281,55.00318145751953,56.90399169921875,9.090909004211426,0,71.42857360839844,10,23.809524536132813,0,0,0,9.51915168762207,17179869184,3221225472,10261626880,2200043520
204,1760560951251,3228,3228,3228,3228,3228,3228,3228,3228,60.33884811401367,56.89274597167969,58.919090270996094,64.45670318603516,63.44536590576172,60.311920166015625,57.17926788330078,55.40836715698242,54.97774887084961,56.373016357421875,0,0,23.809524536132813,71.42857360839844,0,0,0,0,9.51915168762207,17179869184,3221225472,10261626880,2200043520
204,1760560951456,3228,3228,3228,3228,3228,3228,3228,3228,60.33884811401367,56.89274597167969,58.919090270996094,64.45670318603516,63.44536590576172,60.311920166015625,57.17926788330078,55.40836715698242,54.97774887084961,56.373016357421875,4.761904716491699,4.761904716491699,95.23809814453125,0,9.523809432983398,0,0,0,9.51915168762207,17179869184,3221225472,10261430272,2200043520
204,1760560951661,3228,3228,3228,3228,3228,3228,3228,3228,60.33884811401367,56.89274597167969,58.919090270996094,64.45670318603516,63.44536590576172,60.311920166015625,57.17926788330078,55.40836715698242,54.97774887084961,56.373016357421875,0,4.761904716491699,30.000001907348633,68.18181610107422,0,0,0,0,9.469764709472656,17179869184,3221225472,10261266432,2200043520
200,1760560951866,3228,3228,3228,3228,3228,3228,3228,3228,60.33884811401367,56.89274597167969,58.919090270996094,64.45670318603516,63.44536590576172,60.311920166015625,57.17926788330078,55.40836715698242,54.97774887084961,56.373016357421875,5,4.761904716491699,0,45,50,0,0,0,9.469764709472656,17179869184,3221225472,10261004288,2200043520
204,1760560952067,3228,3228,3228,3228,3228,3228,3228,3228,60.33884811401367,56.89274597167969,58.919090270996094,64.45670318603516,63.44536590576172,60.311920166015625,57.17926788330078,55.40836715698242,54.97774887084961,56.373016357421875,4.761904716491699,0,35,25,47.619049072265625,0,0,0,9.469764709472656,17179869184,3221225472,10260873216,2200043520
204,1760560952272,3228,3228,3228,3228,3228,3228,3228,3228,60.45586013793945,57.03992462158203,58.307090759277344,62.80332565307617,64.03302001953125,62.43730545043945,57.11150360107422,54.86398696899414,55.163917541503906,56.92930603027344,0,4.761904716491699,100,0,0,0,4.761904716491699,0,9.469764709472656,17179869184,3221225472,10260889600,2200043520
204,1760560952477,3228,3228,3228,3228,3228,3228,3228,3228,60.45586013793945,57.03992462158203,58.307090759277344,62.80332565307617,64.03302001953125,62.43730545043945,57.11150360107422,54.86398696899414,55.163917541503906,56.92930603027344,5,5,9.523809432983398,90,0,5,0,0,9.469764709472656,17179869184,3221225472,10259677184,2200043520
204,1760560952682,3228,3228,3228,3228,3228,3228,3228,3228,60.45586013793945,57.03992462158203,58.307090759277344,62.80332565307617,64.03302001953125,62.43730545043945,57.11150360107422,54.86398696899414,55.163917541503906,56.92930603027344,0,0,38.095237731933594,57.894737243652344,10,0,0,0,9.484654426574707,17179869184,3221225472,10259611648,2200043520
204,1760560952887,3228,3228,3228,3228,3228,3228,3228,3228,60.45586013793945,57.03992462158203,58.307090759277344,62.80332565307617,64.03302001953125,62.43730545043945,57.11150360107422,54.86398696899414,55.163917541503906,56.92930603027344,0,4.761904716491699,0,100,0,0,0,0,9.484654426574707,17179869184,3221225472,10259464192,2200043520
204,1760560953092,3228,3228,3228,3228,3228,3228,3228,3228,60.45586013793945,57.03992462158203,58.307090759277344,62.80332565307617,64.03302001953125,62.43730545043945,57.11150360107422,54.86398696899414,55.163917541503906,56.92930603027344,4.761904716491699,0,15.000000953674316,71.42857360839844,10,0,0,0,9.484654426574707,17179869184,3221225472,10259283968,2200043520
204,1760560953297,3228,3228,3228,3228,3228,3228,3228,3228,61.2090950012207,56.852142333984375,57.56910705566406,61.3909797668457,66.73297119140625,61.708072662353516,57.1143913269043,54.53486251831055,54.979557037353516,56.68444061279297,4.761904716491699,4.761904716491699,0,100,0,0,0,0,9.484654426574707,17179869184,3221225472,10259136512,2200043520
204,1760560953502,3228,3228,3228,3228,3228,3228,3228,3228,61.2090950012207,56.852142333984375,57.56910705566406,61.3909797668457,66.73297119140625,61.708072662353516,57.1143913269043,54.53486251831055,54.979557037353516,56.68444061279297,4.761904716491699,5,23.809524536132813,71.42857360839844,0,4.761904716491699,0,0,9.484654426574707,17179869184,3221225472,10258956288,2200043520
204,1760560953707,3228,3228,3228,3228,3228,3228,3228,3228,61.2090950012207,56.852142333984375,57.56910705566406,61.3909797668457,66.73297119140625,61.708072662353516,57.1143913269043,54.53486251831055,54.979557037353516,56.68444061279297,0,4.761904716491699,65,38.095237731933594,0,0,0,0,9.47356128692627,17179869184,3221225472,10258792448,2200043520
202,1760560953912,3228,3228,3228,3228,3228,3228,3228,3228,61.2090950012207,56.852142333984375,57.56910705566406,61.3909797668457,66.73297119140625,61.708072662353516,57.1143913269043,54.53486251831055,54.979557037353516,56.68444061279297,4.761904716491699,0,28.571430206298828,70,0,0,0,0,9.47356128692627,17179869184,3221225472,10258792448,2200043520
201,1760560954114,3228,3228,3228,3228,3228,3228,3228,3228,60.9276008605957,56.76579666137695,58.10993957519531,62.115234375,66.11013793945313,61.3087043762207,57.61687088012695,55.0638427734375,54.917049407958984,56.73668670654297,0,0,55,30.000001907348633,10,10,0,0,9.47356128692627,17179869184,3221225472,10258792448,2200043520
204,1760560954316,3228,3228,3228,3228,3228,3228,3228,3228,60.9276008605957,56.76579666137695,58.10993957519531,62.115234375,66.11013793945313,61.3087043762207,57.61687088012695,55.0638427734375,54.917049407958984,56.73668670654297,9.523809432983398,5,0,100,0,0,0,0,9.47356128692627,17179869184,3221225472,10258792448,2200043520
204,1760560954521,3228,3228,3228,3228,3228,3228,3228,3228,60.9276008605957,56.76579666137695,58.10993957519531,62.115234375,66.11013793945313,61.3087043762207,57.61687088012695,55.0638427734375,54.917049407958984,56.73668670654297,0,4.761904716491699,14.285715103149414,66.66667175292969,15.000000953674316,4.761904716491699,0,0,9.47356128692627,17179869184,3221225472,10258284544,2200043520
204,1760560954726,3228,3228,3228,3228,3228,3228,3228,3228,60.9276008605957,56.76579666137695,58.10993957519531,62.115234375,66.11013793945313,61.3087043762207,57.61687088012695,55.0638427734375,54.917049407958984,56.73668670654297,4.761904716491699,4.761904716491699,19.047618865966797,80,0,0,0,0,9.493060111999512,17179869184,3221225472,10258202624,2200043520
200,1760560954931,3228,3228,3228,3228,3228,3228,3228,3228,60.9276008605957,56.76579666137695,58.10993957519531,62.115234375,66.11013793945313,61.3087043762207,57.61687088012695,55.0638427734375,54.917049407958984,56.73668670654297,0,0,0,100,0,0,0,0,9.493060111999512,17179869184,3221225472,10258120704,2200043520
204,1760560955131,3228,3228,3228,3228,3228,3228,3228,3228,61.593135833740234,56.957794189453125,57.180931091308594,59.929969787597656,68.54110717773438,62.400611877441406,57.274559020996094,54.48933029174805,55.00996780395508,56.72157287597656,0,4.761904716491699,60.000003814697266,35,0,5,0,0,9.493060111999512,17179869184,3221225472,10257924096,2200043520
201,1760560955336,3228,3228,3228,3228,3228,3228,3228,3228,61.593135833740234,56.957794189453125,57.180931091308594,59.929969787597656,68.54110717773438,62.400611877441406,57.274559020996094,54.48933029174805,55.00996780395508,56.72157287597656,9.090909004211426,5,0,100,0,0,0,0,9.493060111999512,17179869184,3221225472,10257907712,2200043520
204,1760560955538,3228,3228,3228,3228,3228,3228,3228,3228,61.593135833740234,56.957794189453125,57.180931091308594,59.929969787597656,68.54110717773438,62.400611877441406,57.274559020996094,54.48933029174805,55.00996780395508,56.72157287597656,0,4.761904716491699,15.000000953674316,55,30.000001907348633,0,0,0,9.493060111999512,17179869184,3221225472,10257678336,2200043520
201,1760560955743,3228,3228,3228,3228,3228,3228,3228,3228,61.593135833740234,56.957794189453125,57.180931091308594,59.929969787597656,68.54110717773438,62.400611877441406,57.274559020996094,54.48933029174805,55.00996780395508,56.72157287597656,0,0,95.23809814453125,5,0,0,0,0,9.483826637268066,17179869184,3221225472,10257612800,2200043520
204,1760560955945,3228,3228,3228,3228,3228,3228,3228,3228,61.593135833740234,56.957794189453125,57.180931091308594,59.929969787597656,68.54110717773438,62.400611877441406,57.274559020996094,54.48933029174805,55.00996780395508,56.72157287597656,0,0,90,14.285715103149414,0,0,0,0,9.483826637268066,17179869184,3221225472,10257498112,2200043520
204,1760560956150,3228,3228,3228,3228,3228,3228,3228,3228,60.24980163574219,56.820682525634766,58.86042785644531,63.81532287597656,63.956703186035156,61.106319427490234,57.69801330566406,55.28584289550781,54.95094299316406,56.350624084472656,4.761904716491699,5,61.904762268066406,30.000001907348633,4.761904716491699,5,0,0,9.483826637268066,17179869184,3221225472,10257268736,2200043520
202,1760560956355,3228,3228,3228,3228,3228,3228,3228,3228,60.24980163574219,56.820682525634766,58.86042785644531,63.81532287597656,63.956703186035156,61.106319427490234,57.69801330566406,55.28584289550781,54.95094299316406,56.350624084472656,0,0,100,0,0,0,0,0,9.483826637268066,17179869184,3221225472,10257268736,2200043520
204,1760560956557,3228,3228,3228,3228,3228,3228,3228,3228,60.24980163574219,56.820682525634766,58.86042785644531,63.81532287597656,63.956703186035156,61.106319427490234,57.69801330566406,55.28584289550781,54.95094299316406,56.350624084472656,4.761904716491699,4.761904716491699,55,35,0,10,0,0,9.452852249145508,17179869184,3221225472,10257104896,2200043520
204,1760560956762,3228,3228,3228,3228,3228,3228,3228,3228,60.24980163574219,56.820682525634766,58.86042785644531,63.81532287597656,63.956703186035156,61.106319427490234,57.69801330566406,55.28584289550781,54.95094299316406,56.350624084472656,4.761904716491699,0,0,100,0,0,0,0,9.452852249145508,17179869184,3221225472,10255859712,2200043520
204,1760560956967,3228,3228,3228,3228,3228,3228,3228,3228,60.24980163574219,56.820682525634766,58.86042785644531,63.81532287597656,63.956703186035156,61.106319427490234,57.69801330566406,55.28584289550781,54.95094299316406,56.350624084472656,0,0,5,90.47618865966797,0,0,4.761904716491699,0,9.452852249145508,17179869184,3221225472,10255843328,2200043520
204,1760560957172,3228,3228,3228,3228,3228,3228,3228,3228,60.35703659057617,56.85220718383789,58.973915100097656,63.69881820678711,64.20100402832031,60.42823028564453,57.96927261352539,55.58577346801758,54.60906982421875,56.124366760253906,4.761904716491699,9.090909004211426,86.36363983154297,10,0,4.761904716491699,0,0,9.452852249145508,17179869184,3221225472,10255482880,2200043520
204,1760560957377,3228,3228,3228,3228,3228,3228,3228,3228,60.35703659057617,56.85220718383789,58.973915100097656,63.69881820678711,64.20100402832031,60.42823028564453,57.96927261352539,55.58577346801758,54.60906982421875,56.124366760253906,0,0,100,0,0,0,0,0,9.452852249145508,17179869184,3221225472,10255351808,2200043520
204,1760560957582,3228,3228,3228,3228,3228,3228,3228,3228,60.35703659057617,56.85220718383789,58.973915100097656,63.69881820678711,64.20100402832031,60.42823028564453,57.96927261352539,55.58577346801758,54.60906982421875,56.124366760253906,0,0,70,25,0,0,0,0,9.503560066223145,17179869184,3221225472,10255351808,2200043520
200,1760560957787,3228,3228,3228,3228,3228,3228,3228,3228,60.35703659057617,56.85220718383789,58.973915100097656,63.69881820678711,64.20100402832031,60.42823028564453,57.96927261352539,55.58577346801758,54.60906982421875,56.124366760253906,5,0,100,4.545454502105713,0,0,0,0,9.503560066223145,17179869184,3221225472,10255204352,2200043520
204,1760560957988,3228,3228,3228,3228,3228,3228,3228,3228,60.35703659057617,56.85220718383789,58.973915100097656,63.69881820678711,64.20100402832031,60.42823028564453,57.96927261352539,55.58577346801758,54.60906982421875,56.124366760253906,0,4.761904716491699,90,5,0,10,0,0,9.503560066223145,17179869184,3221225472,10255171584,2200043520
204,1760560958193,3228,3228,3228,3228,3228,3228,3228,3228,59.31484603881836,57.094078063964844,60.84807586669922,68.8396987915039,59.049652099609375,58.122982025146484,58.237186431884766,56.740760803222656,54.612953186035156,55.95734405517578,4.761904716491699,5,70,30.000001907348633,0,0,0,0,9.503560066223145,17179869184,3221225472,10254974976,2200043520
204,1760560958398,3228,3228,3228,3228,3228,3228,3228,3228,59.31484603881836,57.094078063964844,60.84807586669922,68.8396987915039,59.049652099609375,58.122982025146484,58.237186431884766,56.740760803222656,54.612953186035156,55.95734405517578,4.761904716491699,0,100,0,0,0,0,0,9.503560066223145,17179869184,3221225472,10255024128,2200043520
204,1760560958603,3228,3228,3228,3228,3228,3228,3228,3228,59.31484603881836,57.094078063964844,60.84807586669922,68.8396987915039,59.049652099609375,58.122982025146484,58.237186431884766,56.740760803222656,54.612953186035156,55.95734405517578,5,13.636363983154297,81.81818389892578,15.000000953674316,4.761904716491699,0,0,0,9.579310417175293,17179869184,3221225472,10254254080,2200043520
204,1760560958808,3228,3228,3228,3228,3228,3228,3228,3228,59.31484603881836,57.094078063964844,60.84807586669922,68.8396987915039,59.049652099609375,58.122982025146484,58.237186431884766,56.740760803222656,54.612953186035156,55.95734405517578,4.761904716491699,5,80,20,0,0,0,0,9.579310417175293,17179869184,3221225472,10254237696,2200043520
204,1760560959013,3228,3228,3228,3228,3228,3228,3228,3228,59.31484603881836,57.094078063964844,60.84807586669922,68.8396987915039,59.049652099609375,58.122982025146484,58.237186431884766,56.740760803222656,54.612953186035156,55.95734405517578,0,0,14.285715103149414,65,20,5,0,0,9.579310417175293,17179869184,3221225472,10253959168,2200043520
204,1760560959218,3228,3228,3228,3228,3228,3228,3228,3228,59.52802276611328,56.96406555175781,60.030311584472656,66.74102020263672,60.67054748535156,60.13936233520508,58.00970458984375,56.18704605102539,54.90578079223633,56.18695068359375,25,42.85714340209961,65,9.523809432983398,25,0,0,0,9.579310417175293,17179869184,3221225472,9591488512,2200043520
204,1760560959423,3228,3228,3228,3228,3228,3228,3228,3228,59.52802276611328,56.96406555175781,60.030311584472656,66.74102020263672,60.67054748535156,60.13936233520508,58.00970458984375,56.18704605102539,54.90578079223633,56.18695068359375,4.761904716491699,0,0,100,0,0,0,0,9.579310417175293,17179869184,3221225472,9591341056,2200043520
204,1760560959628,3228,3228,3228,3228,3228,3228,3228,3228,59.52802276611328,56.96406555175781,60.030311584472656,66.74102020263672,60.67054748535156,60.13936233520508,58.00970458984375,56.18704605102539,54.90578079223633,56.18695068359375,0,9.523809432983398,50,54.54545593261719,0,0,0,0,9.578930854797363,17179869184,3221225472,9590882304,2200043520
204,1760560959833,3228,3228,3228,3228,3228,3228,3228,3228,59.52802276611328,56.96406555175781,60.030311584472656,66.74102020263672,60.67054748535156,60.13936233520508,58.00970458984375,56.18704605102539,54.90578079223633,56.18695068359375,9.090909004211426,0,10,90,0,0,0,0,9.578930854797363,17179869184,3221225472,9590734848,2200043520
204,1760560960038,3228,3228,3228,3228,3228,3228,3228,3228,59.52802276611328,56.96406555175781,60.030311584472656,66.74102020263672,60.67054748535156,60.13936233520508,58.00970458984375,56.18704605102539,54.90578079223633,56.18695068359375,0,4.761904716491699,40,55,0,4.761904716491699,0,0,9.578930854797363,17179869184,3221225472,9590374400,2200043520
204,1760560960243,3228,3228,3228,3228,3228,3228,3228,3228,61.20722579956055,56.81084442138672,58.06866455078125,62.08137512207031,66.4286117553711,61.25389099121094,57.40747833251953,55.2005615234375,54.9827766418457,56.306190490722656,0,4.761904716491699,95.23809814453125,4.761904716491699,0,0,0,0,9.578930854797363,17179869184,3221225472,9590308864,2200043520
204,1760560960448,3228,3228,3228,3228,3228,3228,3228,3228,61.20722579956055,56.81084442138672,58.06866455078125,62.08137512207031,66.4286117553711,61.25389099121094,57.40747833251953,55.2005615234375,54.9827766418457,56.306190490722656,5,5,100,4.761904716491699,0,0,0,0,9.578930854797363,17179869184,3221225472,9590308864,2200043520
204,1760560960653,3228,3228,3228,3228,3228,3228,3228,3228,61.20722579956055,56.81084442138672,58.06866455078125,62.08137512207031,66.4286117553711,61.25389099121094,57.40747833251953,55.2005615234375,54.9827766418457,56.306190490722656,0,0,57.142860412597656,45,0,0,0,0,9.716923713684082,17179869184,3221225472,9590063104,2200043520
204,1760560960858,3228,3228,3228,3228,3228,3228,3228,3228,61.20722579956055,56.81084442138672,58.06866455078125,62.08137512207031,66.4286117553711,61.25389099121094,57.40747833251953,55.2005615234375,54.9827766418457,56.306190490722656,0,0,100,0,0,0,0,0,9.716923713684082,17179869184,3221225472,9589915648,2200043520
204,1760560961063,3228,3228,3228,3228,3228,3228,3228,3228,61.20722579956055,56.81084442138672,58.06866455078125,62.08137512207031,66.4286117553711,61.25389099121094,57.40747833251953,55.2005615234375,54.9827766418457,56.306190490722656,9.090909004211426,0,72.7272720336914,28.571430206298828,0,0,0,0,9.716923713684082,17179869184,3221225472,9583099904,2200043520
204,1760560961267,3228,3228,3228,3228,3228,3228,3228,3228,59.43461990356445,56.84568405151367,60.696807861328125,68.11809539794922,59.31147003173828,58.584903717041016,58.045440673828125,56.31367874145508,54.69482421875,56.014739990234375,10,9.523809432983398,0,0,100,0,0,0,9.716923713684082,17179869184,3221225472,9583099904,2200043520
204,1760560961473,3228,3228,3228,3228,3228,3228,3228,3228,59.43461990356445,56.84568405151367,60.696807861328125,68.11809539794922,59.31147003173828,58.584903717041016,58.045440673828125,56.31367874145508,54.69482421875,56.014739990234375,5,5,9.523809432983398,0,90,0,0,0,9.716923713684082,17179869184,3221225472,9583263744,2200043520
204,1760560961678,3228,3228,3228,3228,3228,3228,3228,3228,59.43461990356445,56.84568405151367,60.696807861328125,68.11809539794922,59.31147003173828,58.584903717041016,58.045440673828125,56.31367874145508,54.69482421875,56.014739990234375,5,4.761904716491699,60.000003814697266,28.571430206298828,14.285715103149414,0,0,0,9.476228713989258,17179869184,3221225472,9583050752,2200043520
204,1760560961883,3228,3228,3228,3228,3228,3228,3228,3228,59.43461990356445,56.84568405151367,60.696807861328125,68.11809539794922,59.31147003173828,58.584903717041016,58.045440673828125,56.31367874145508,54.69482421875,56.014739990234375,0,0,35,0,65,0,0,0,9.476228713989258,17179869184,3221225472,9583001600,2200043520
203,1760560962088,3228,3228,3228,3228,3228,3228,3228,3228,59.43461990356445,56.84568405151367,60.696807861328125,68.11809539794922,59.31147003173828,58.584903717041016,58.045440673828125,56.31367874145508,54.69482421875,56.014739990234375,4.761904716491699,0,38.095237731933594,0,55,4.761904716491699,0,0,9.476228713989258,17179869184,3221225472,9582739456,2200043520
204,1760560962291,3228,3228,3228,3228,3228,3228,3228,3228,59.905494689941406,57.19760513305664,58.00995635986328,61.201499938964844,62.13197326660156,66.9354248046875,57.60467529296875,54.79579544067383,55.99531173706055,58.35852813720703,5,9.523809432983398,4.761904716491699,0,100,0,0,0,9.476228713989258,17179869184,3221225472,9582886912,2200043520
204,1760560962496,3228,3228,3228,3228,3228,3228,3228,3228,59.905494689941406,57.19760513305664,58.00995635986328,61.201499938964844,62.13197326660156,66.9354248046875,57.60467529296875,54.79579544067383,55.99531173706055,58.35852813720703,0,0,5,15.000000953674316,76.19047546386719,0,0,0,9.476228713989258,17179869184,3221225472,9582739456,2200043520
204,1760560962701,3228,3228,3228,3228,3228,3228,3228,3228,59.905494689941406,57.19760513305664,58.00995635986328,61.201499938964844,62.13197326660156,66.9354248046875,57.60467529296875,54.79579544067383,55.99531173706055,58.35852813720703,9.523809432983398,9.523809432983398,0,100,0,0,0,0,9.539475440979004,17179869184,3221225472,9582493696,2200043520
199,1760560962906,3228,3228,3228,3228,3228,3228,3228,3228,59.905494689941406,57.19760513305664,58.00995635986328,61.201499938964844,62.13197326660156,66.9354248046875,57.60467529296875,54.79579544067383,55.99531173706055,58.35852813720703,0,0,0,100,0,0,0,0,9.539475440979004,17179869184,3221225472,9582329856,2200043520
204,1760560963106,3228,3228,3228,3228,3228,3228,3228,3228,61.28182601928711,57.2233772277832,57.115997314453125,59.322471618652344,65.78670501708984,65.17803192138672,57.20523452758789,54.38820266723633,55.6973762512207,57.655364990234375,5,5,90.47618865966797,0,4.761904716491699,9.523809432983398,0,0,9.539475440979004,17179869184,3221225472,9582182400,2200043520
204,1760560963311,3228,3228,3228,3228,3228,3228,3228,3228,61.28182601928711,57.2233772277832,57.115997314453125,59.322471618652344,65.78670501708984,65.17803192138672,57.20523452758789,54.38820266723633,55.6973762512207,57.655364990234375,4.761904716491699,0,100,0,0,0,0,0,9.539475440979004,17179869184,3221225472,9582362624,2200043520
204,1760560963516,3228,3228,3228,3228,3228,3228,3228,3228,61.28182601928711,57.2233772277832,57.115997314453125,59.322471618652344,65.78670501708984,65.17803192138672,57.20523452758789,54.38820266723633,55.6973762512207,57.655364990234375,4.761904716491699,4.761904716491699,81.81818389892578,14.285715103149414,5,5,0,0,9.539475440979004,17179869184,3221225472,9582018560,2200043520
204,1760560963721,3228,3228,3228,3228,3228,3228,3228,3228,61.28182601928711,57.2233772277832,57.115997314453125,59.322471618652344,65.78670501708984,65.17803192138672,57.20523452758789,54.38820266723633,55.6973762512207,57.655364990234375,0,4.761904716491699,94.73684692382813,9.523809432983398,0,0,0,0,9.404890060424805,17179869184,3221225472,9581772800,2200043520
202,1760560963926,3228,3228,3228,3228,3228,3228,3228,3228,61.28182601928711,57.2233772277832,57.115997314453125,59.322471618652344,65.78670501708984,65.17803192138672,57.20523452758789,54.38820266723633,55.6973762512207,57.655364990234375,0,0,100,0,0,0,0,0,9.404890060424805,17179869184,3221225472,8549777408,2200043520
204,1760560964129,3228,3228,3228,3228,3228,3228,3228,3228,60.900508880615234,57.88212203979492,62.227935791015625,70.18379974365234,59.77886962890625,59.68120574951172,59.22114181518555,57.42302322387695,55.6173095703125,56.95942687988281,0,0,14.285715103149414,45,35,5,0,0,9.404890060424805,17179869184,3221225472,7628341248,2200043520
204,1760560964334,3228,3228,3228,3228,3228,3228,3228,3228,60.900508880615234,57.88212203979492,62.227935791015625,70.18379974365234,59.77886962890625,59.68120574951172,59.22114181518555,57.42302322387695,55.6173095703125,56.95942687988281,9.523809432983398,0,0,100,0,0,0,0,9.404890060424805,17179869184,3221225472,7150305280,2200043520
204,1760560964539,3228,3228,3228,3228,3228,3228,3228,3228,60.900508880615234,57.88212203979492,62.227935791015625,70.18379974365234,59.77886962890625,59.68120574951172,59.22114181518555,57.42302322387695,55.6173095703125,56.95942687988281,0,4.761904716491699,28.571430206298828,60.000003814697266,5,10,0,0,9.404890060424805,17179869184,3221225472,6682804224,2200043520
200,1760560964744,3228,3228,3228,3228,3228,3228,3228,3228,60.900508880615234,57.88212203979492,62.227935791015625,70.18379974365234,59.77886962890625,59.68120574951172,59.22114181518555,57.42302322387695,55.6173095703125,56.95942687988281,0,4.761904716491699,0,100,0,0,0,0,13.565720558166504,17179869184,3221225472,6185762816,2200043520
204,1760560964944,3228,3228,3228,3228,3228,3228,3228,3228,60.900508880615234,57.88212203979492,62.227935791015625,70.18379974365234,59.77886962890625,59.68120574951172,59.22114181518555,57.42302322387695,55.6173095703125,56.95942687988281,9.523809432983398,0,0,100,0,0,0,0,13.565720558166504,17179869184,3221225472,5313363968,2200043520
200,1760560965149,3228,3228,3228,3228,3228,3228,3228,3228,62.68378829956055,57.46983337402344,57.299888610839844,59.24064254760742,68.8717041015625,62.7015495300293,57.675140380859375,54.64714050292969,55.565555572509766,56.99431610107422,0,4.761904716491699,47.619049072265625,55,0,0,0,0,13.565720558166504,17179869184,3221225472,4384866304,2200043520
12,1760560965350,3228,3228,3228,3228,3228,3228,3228,3228,62.68378829956055,57.46983337402344,57.299888610839844,59.24064254760742,68.8717041015625,62.7015495300293,57.675140380859375,54.64714050292969,55.565555572509766,56.99431610107422,5,0,15.000000953674316,0,0,0,0,0,13.565720558166504,17179869184,3221225472,4384866304,2200043520
